{
  "info_tick": "Timer use TICK so 20 Ticks equal 1 Second",
  "chicken_rate": 1,
  "roost_speed_tick": 200,
  "breed_speed_tick": 600,
  "training_speed_tick": 200,
  "info_trainingxp": "Set needed XP Amount for Level Tiered Chickens",
  "trainingxp_perfood": 20,
  "xp_tier_1": 500,
  "xp_tier_2": 2500,
  "xp_tier_3": 12500,
  "xp_tier_4": 62500,
  "xp_tier_5": 125000,
  "xp_tier_6": 250000,
  "xp_tier_7": 325000,
  "xp_tier_8": 400000,
  "xp_tier_9": 500000,
  "info_training_maxlevel": "Set Maxlevel for each Tier",
  "maxlevel_tier_1": 60,
  "maxlevel_tier_2": 60,
  "maxlevel_tier_3": 60,
  "maxlevel_tier_4": 60,
  "maxlevel_tier_5": 60,
  "maxlevel_tier_6": 60,
  "maxlevel_tier_7": 60,
  "maxlevel_tier_8": 60,
  "maxlevel_tier_9": 60,
  "Enable/Disable Spawns": " ",
  "Spawn_All": true,
  "Spawn_Cobble": true,
  "Spawn_Stone": true,
  "Spawn_Sand": true,
  "Spawn_Snow": true,
  "Spawn_Apple": true,
  "Spawn_Beetroot": true,
  "Spawn_Carrot": true,
  "Spawn_Melon": true,
  "Spawn_Sugar": true,
  "Spawn_Netherrack": true,
  "Spawn_Birch": true,
  "Spawn_Oak": true,
  "Spawn_DarkOak": true,
  "Spawn_Jungle": true,
  "Spawn_Spruce": true,
  "Spawn_Wool": true,
  "Spawn_Acacia": true,
  "Spawn_Honeycomb": true,
  "Spawn_Rabbithide": true,
  "Spawn_Leather": true,
  "Spawn_String": true,
  "Spawn_Sponge": true,
  "Spawn_Glowberries": true,
  "Spawn_Sweetberries": true,
  "Spawn_SpiderEye": true,
  "Spawn_Rotten": true
}